engine,map,run,warmup,frames,seconds,fps,mean_frame_ms
fteqw,ztndm3,0,True,1443,0.6,2405.5,0.4157139887757223
ironwail,ztndm3,0,True,1442,0.5,2929.4,0.3413668327985253
vkquake,ztndm3,0,True,1442,0.6,2529.4,0.395350676049656
qss,ztndm3,0,True,1442,0.6,2372.1,0.4215673875468994
qssm,ztndm3,0,True,1442,0.8,1921.0,0.5205622071837585
ironwail,ztndm3,1,False,1442,0.5,2902.2,0.3445661911653229
vkquake,ztndm3,1,False,1442,0.6,2487.2,0.40205853972338373
qss,ztndm3,1,False,1442,0.6,2432.9,0.4110321016071355
qssm,ztndm3,1,False,1442,0.7,1939.8,0.5155170636148056
fteqw,ztndm3,1,False,1443,0.6,2522.8,0.3963849690819724
ironwail,ztndm3,2,False,1442,0.5,3047.3,0.32815935418239095
vkquake,ztndm3,2,False,1442,0.6,2475.2,0.4040077569489334
qss,ztndm3,2,False,1442,0.6,2391.9,0.4180776788327271
qssm,ztndm3,2,False,1442,0.7,1923.0,0.5200208008320333
fteqw,ztndm3,2,False,1443,0.6,2496.3,0.40059287745863875
vkquake,ztndm3,3,False,1442,0.6,2518.1,0.3971248163297725
qss,ztndm3,3,False,1442,0.6,2462.0,0.4061738424045491
qssm,ztndm3,3,False,1442,0.7,1951.8,0.5123475765959628
fteqw,ztndm3,3,False,1443,0.6,2579.0,0.38774718883288095
ironwail,ztndm3,3,False,1442,0.5,2966.0,0.33715441672285906
qss,ztndm3,4,False,1442,0.6,2477.4,0.403648986841043
qssm,ztndm3,4,False,1442,0.7,1929.1,0.5183764449743404
fteqw,ztndm3,4,False,1443,0.7,2018.8,0.4953437685753913
ironwail,ztndm3,4,False,1442,0.5,3059.2,0.32688284518828453
vkquake,ztndm3,4,False,1442,0.6,2505.9,0.39905822259467655
qssm,ztndm3,5,False,1442,0.7,1955.0,0.5115089514066496
fteqw,ztndm3,5,False,1443,0.6,2509.4,0.3985016338566988
ironwail,ztndm3,5,False,1442,0.5,2940.3,0.34010135020236026
vkquake,ztndm3,5,False,1442,0.6,2513.9,0.3977882970683002
qss,ztndm3,5,False,1442,0.7,2136.3,0.46809904975892896
ironwail,dm3,0,True,1442,0.5,3037.0,0.3292723081988805
vkquake,dm3,0,True,1442,0.6,2584.8,0.386877127824203
qss,dm3,0,True,1442,0.6,2242.5,0.4459308807134894
qssm,dm3,0,True,1442,0.8,1797.1,0.5564520616548885
fteqw,dm3,0,True,1443,0.5,2632.3,0.3798959085210652
ironwail,dm3,1,False,1442,0.5,3042.2,0.328709486555782
vkquake,dm3,1,False,1442,0.6,2587.1,0.38653318387383556
qss,dm3,1,False,1442,0.6,2278.7,0.43884671084390225
qssm,dm3,1,False,1442,0.8,1827.8,0.547105810263705
fteqw,dm3,1,False,1443,0.5,2644.9,0.37808612801996294
vkquake,dm3,2,False,1442,0.6,2528.6,0.3954757573360753
qss,dm3,2,False,1442,0.6,2285.1,0.43761760973261565
qssm,dm3,2,False,1442,0.8,1823.3,0.5484560960895081
fteqw,dm3,2,False,1443,0.6,2623.5,0.3811701924909472
ironwail,dm3,2,False,1442,0.5,2769.9,0.3610238636773891
qss,dm3,3,False,1442,0.7,2128.7,0.46977028233193974
qssm,dm3,3,False,1442,0.8,1833.3,0.5454644629902362
fteqw,dm3,3,False,1443,0.6,2321.8,0.43070031871823583
ironwail,dm3,3,False,1442,0.5,2963.4,0.3374502260916515
vkquake,dm3,3,False,1442,0.6,2566.8,0.3895901511609786
qssm,dm3,4,False,1442,0.8,1828.6,0.5468664552116373
fteqw,dm3,4,False,1443,0.6,2610.2,0.38311240517967976
ironwail,dm3,4,False,1442,0.6,2449.1,0.40831325793148504
vkquake,dm3,4,False,1442,0.6,2514.9,0.39763012445822893
qss,dm3,4,False,1442,0.6,2265.9,0.4413257425305618
fteqw,dm3,5,False,1443,0.5,2629.0,0.3803727653100038
ironwail,dm3,5,False,1442,0.5,3002.3,0.33307797355360885
vkquake,dm3,5,False,1442,0.6,2348.5,0.4258037044922291
qss,dm3,5,False,1442,0.6,2260.1,0.44245829830538475
qssm,dm3,5,False,1442,0.8,1809.5,0.5526388505111909
ironwail,bravado,0,True,1442,0.5,2691.1,0.37159525844450225
vkquake,bravado,0,True,1442,0.6,2419.1,0.4133768756975735
qss,bravado,0,True,1442,0.6,2263.4,0.44181320137845714
qssm,bravado,0,True,1442,0.8,1791.2,0.5582849486377847
fteqw,bravado,0,True,1443,0.6,2295.1,0.43571086227179645
vkquake,bravado,1,False,1442,0.6,2508.1,0.3987081854790479
qss,bravado,1,False,1442,0.6,2224.3,0.4495796430337634
qssm,bravado,1,False,1442,0.8,1810.3,0.5523946307241894
fteqw,bravado,1,False,1443,0.6,2279.9,0.4386157287600333
ironwail,bravado,1,False,1442,0.5,2920.3,0.34243057220148615
qss,bravado,2,False,1442,0.6,2276.8,0.43921293042867177
qssm,bravado,2,False,1442,0.8,1850.8,0.5403068943159715
fteqw,bravado,2,False,1443,0.6,2245.7,0.4452954535334195
ironwail,bravado,2,False,1442,0.5,2962.0,0.337609723160027
vkquake,bravado,2,False,1442,0.6,2490.7,0.4014935560284258
qssm,bravado,3,False,1442,0.8,1817.3,0.5502668794365267
fteqw,bravado,3,False,1443,0.6,2305.4,0.4337642057777392
qssm,aerowalk,0,True,1445,0.8,1880.4,0.5318017443097213
fteqw,aerowalk,0,True,1446,0.6,2438.4,0.41010498687664043
ezquake,aerowalk,0,True,1445,0.5,2807.4,0.3562014675500463
ironwail,aerowalk,0,True,1445,0.5,2935.4,0.3406690740614567
vkquake,aerowalk,0,True,1445,0.6,2349.4,0.42564058908657526
qss,aerowalk,0,True,1445,0.6,2430.2,0.41148876635667847
fteqw,aerowalk,1,False,1446,0.6,2456.0,0.40716612377850164
ezquake,aerowalk,1,False,1445,0.5,2792.0,0.35816618911174786
ironwail,aerowalk,1,False,1445,0.5,3070.7,0.3256586446087212
vkquake,aerowalk,1,False,1445,0.6,2486.7,0.40213938150963124
qss,aerowalk,1,False,1445,0.6,2397.7,0.41706635525712143
qssm,aerowalk,1,False,1445,0.8,1895.0,0.5277044854881267
ezquake,aerowalk,2,False,1445,0.5,2908.8,0.34378437843784376
ironwail,aerowalk,2,False,1445,0.5,3060.8,0.3267119707266074
vkquake,aerowalk,2,False,1445,0.6,2468.1,0.4051699688019124
qss,aerowalk,2,False,1445,0.6,2411.0,0.41476565740356697
qssm,aerowalk,2,False,1445,0.8,1886.7,0.5300259712725923
fteqw,aerowalk,2,False,1446,0.6,2396.4,0.4172926055750292
ironwail,aerowalk,3,False,1445,0.5,3082.8,0.32438043337225897
vkquake,aerowalk,3,False,1445,0.6,2495.4,0.40073735673639493
qss,aerowalk,3,False,1445,0.6,2396.3,0.4173100196135709
qssm,aerowalk,3,False,1445,0.8,1890.3,0.5290165582182722
fteqw,aerowalk,3,False,1446,0.6,2423.8,0.4125752949913359
ezquake,aerowalk,3,False,1445,0.5,2880.8,0.34712579838933627
vkquake,aerowalk,4,False,1445,0.6,2477.5,0.4036326942482341
qss,aerowalk,4,False,1445,0.6,2426.5,0.41211621677313004
qssm,aerowalk,4,False,1445,0.8,1880.5,0.5317734645041212
fteqw,aerowalk,4,False,1446,0.6,2438.5,0.4100881689563256
ezquake,aerowalk,4,False,1445,0.5,2835.9,0.3526217426566522
ironwail,aerowalk,4,False,1445,0.5,2931.2,0.3411572052401747
qss,aerowalk,5,False,1445,0.6,2450.8,0.40803003101028235
qssm,aerowalk,5,False,1445,0.8,1844.0,0.5422993492407809
fteqw,aerowalk,5,False,1446,0.6,2408.3,0.41523066063198105
ezquake,aerowalk,5,False,1445,0.5,2867.3,0.34876015763959123
ironwail,aerowalk,5,False,1445,0.5,2680.2,0.3731064845907022
vkquake,aerowalk,5,False,1445,0.6,2423.6,0.412609341475491
ezquake,ztndm3,0,True,1442,0.5,2869.9,0.34844419666190457
ezquake,ztndm3,1,False,1442,0.5,2916.4,0.34288849266218624
ezquake,ztndm3,2,False,1442,0.5,2870.1,0.3484199156823804
ezquake,ztndm3,3,False,1442,0.5,2886.7,0.34641632313714626
ezquake,ztndm3,4,False,1442,0.5,2901.5,0.34464931931759435
ezquake,ztndm3,5,False,1442,0.5,2884.0,0.34674063800277394
ezquake,dm3,0,True,1442,0.5,2876.2,0.34768096794381476
ezquake,dm3,1,False,1442,0.5,2868.5,0.3486142583231654
ezquake,dm3,2,False,1442,0.5,2851.0,0.350754121360926
ezquake,dm3,3,False,1442,0.5,2857.8,0.3499195185107425
ezquake,dm3,4,False,1442,0.5,2878.9,0.34735489249366075
ezquake,dm3,5,False,1442,0.6,2600.9,0.3844822945903341
ezquake,bravado,0,True,1442,0.5,2885.0,0.3466204506065858
ezquake,bravado,1,False,1442,0.5,2871.7,0.3482257896019779
ezquake,bravado,2,False,1442,0.5,2934.7,0.34075033223157397
ezquake,bravado,3,False,1442,0.5,2910.2,0.3436189952580579
ironwail,bravado,3,False,1442,0.5,2984.2,0.335098183767844
vkquake,bravado,3,False,1442,0.6,2482.1,0.4028846541235245
qss,bravado,3,False,1442,0.6,2252.1,0.4440300164291106
fteqw,bravado,4,False,1443,0.6,2322.8,0.4305148958153952
ezquake,bravado,4,False,1442,0.7,2175.0,0.45977011494252873
ironwail,bravado,4,False,1442,0.5,2954.5,0.33846674564224066
vkquake,bravado,4,False,1442,0.6,2512.3,0.3980416351550372
qss,bravado,4,False,1442,0.7,2109.0,0.474158368895211
qssm,bravado,4,False,1442,0.8,1787.6,0.5594092638174089
ezquake,bravado,5,False,1442,0.5,2853.3,0.3504713840114954
ironwail,bravado,5,False,1442,0.5,3022.6,0.33084099781644943
vkquake,bravado,5,False,1442,0.6,2376.4,0.42080457835381246
qss,bravado,5,False,1442,0.7,2162.9,0.46234222571547456
qssm,bravado,5,False,1442,0.8,1746.3,0.5726392945083891
fteqw,bravado,5,False,1443,0.6,2279.3,0.4387311894002544
vkquake,ctf3m2,0,True,1442,0.6,2350.1,0.42551380792306714
qss,ctf3m2,0,True,1442,0.7,2133.2,0.4687792987061692
qssm,ctf3m2,0,True,1442,0.9,1618.2,0.6179705846001731
fteqw,ctf3m2,0,True,1443,0.7,2213.3,0.4518140333438756
ezquake,ctf3m2,0,True,1442,0.5,2899.0,0.3449465332873405
ironwail,ctf3m2,0,True,1442,0.5,2982.0,0.335345405767941
qss,ctf3m2,1,False,1442,0.6,2221.5,0.45014629754670266
qssm,ctf3m2,1,False,1442,0.8,1761.4,0.5677302146020211
fteqw,ctf3m2,1,False,1443,0.6,2405.7,0.41567942802510705
ezquake,ctf3m2,1,False,1442,0.6,2530.2,0.395225673859774
ironwail,ctf3m2,1,False,1442,0.5,3104.3,0.32213381438649613
vkquake,ctf3m2,1,False,1442,0.6,2506.9,0.39889903865331683
qssm,ctf3m2,2,False,1442,0.8,1781.1,0.5614507888383583
fteqw,ctf3m2,2,False,1443,0.6,2242.0,0.44603033006244425
ezquake,ctf3m2,2,False,1442,0.5,2856.7,0.35005425841005355
ironwail,ctf3m2,2,False,1442,0.5,2965.7,0.33718852210270767
vkquake,ctf3m2,2,False,1442,0.6,2478.2,0.403518682915019
qss,ctf3m2,2,False,1442,0.7,2181.2,0.45846323124885385
fteqw,ctf3m2,3,False,1443,0.6,2386.1,0.4190939189472361
ezquake,ctf3m2,3,False,1442,0.5,2678.4,0.37335722819593786
ironwail,ctf3m2,3,False,1442,0.5,3048.9,0.32798714290399816
vkquake,ctf3m2,3,False,1442,0.6,2464.1,0.4058276855647092
qss,ctf3m2,3,False,1442,0.7,2155.4,0.46395100677368467
qssm,ctf3m2,3,False,1442,0.8,1767.9,0.565642853102551
ezquake,ctf3m2,4,False,1442,0.5,2885.5,0.34656038814763473
ironwail,ctf3m2,4,False,1442,0.5,3116.7,0.32085218339910804
vkquake,ctf3m2,4,False,1442,0.6,2514.7,0.39766174891637174
qss,ctf3m2,4,False,1442,0.7,2213.7,0.4517323937299544
qssm,ctf3m2,4,False,1442,0.8,1751.7,0.5708740081064109
fteqw,ctf3m2,4,False,1443,0.6,2230.5,0.4483299708585519
ironwail,ctf3m2,5,False,1442,0.5,3077.6,0.3249285157265402
vkquake,ctf3m2,5,False,1442,0.6,2463.2,0.40597596622279963
qss,ctf3m2,5,False,1442,0.7,2078.7,0.48106989945639106
qssm,ctf3m2,5,False,1442,0.9,1652.7,0.6050704907121679
fteqw,ctf3m2,5,False,1443,0.6,2281.2,0.438365772400491
ezquake,ctf3m2,5,False,1442,0.5,2849.5,0.350938761186173
qss,schloss,0,True,1442,0.7,2093.6,0.47764615972487584
qssm,schloss,0,True,1442,0.9,1547.5,0.6462035541195477
fteqw,schloss,0,True,1443,0.6,2257.8,0.44290902648595976
ezquake,schloss,0,True,1442,0.5,2911.1,0.3435127614990897
ironwail,schloss,0,True,1442,0.5,3001.2,0.3332000533120085
vkquake,schloss,0,True,1442,0.6,2370.8,0.42179854901299135
qssm,schloss,1,False,1442,0.9,1562.9,0.6398362019323053
fteqw,schloss,1,False,1443,0.7,2218.4,0.45077533357374683
ezquake,schloss,1,False,1442,0.5,2837.2,0.35246017200056395
ironwail,schloss,1,False,1442,0.5,2944.2,0.3396508389375722
vkquake,schloss,1,False,1442,0.6,2413.4,0.41435319466313086
qss,schloss,1,False,1442,0.7,2095.8,0.47714476572192
fteqw,schloss,2,False,1443,0.6,2233.1,0.44780797993820254
ezquake,schloss,2,False,1442,0.5,2786.1,0.35892466171350634
ironwail,schloss,2,False,1442,0.5,2912.8,0.34331227684702004
vkquake,schloss,2,False,1442,0.6,2410.5,0.41485169052063886
qss,schloss,2,False,1442,0.7,2115.0,0.4728132387706856
qssm,schloss,2,False,1442,0.9,1616.6,0.6185822095756527
ezquake,schloss,3,False,1442,0.5,2734.1,0.3657510698218792
ironwail,schloss,3,False,1442,0.5,3007.3,0.33252419113490506
vkquake,schloss,3,False,1442,0.6,2407.2,0.4154204054503158
qss,schloss,3,False,1442,0.7,2099.8,0.47623583198399844
qssm,schloss,3,False,1442,0.9,1577.1,0.6340752013188764
fteqw,schloss,3,False,1443,0.7,2219.0,0.45065344749887337
ironwail,schloss,4,False,1442,0.5,2941.0,0.34002040122407345
vkquake,schloss,4,False,1442,0.6,2279.4,0.43871194173905415
qss,schloss,4,False,1442,0.8,1921.3,0.5204809243741217
qssm,schloss,4,False,1442,0.9,1676.8,0.5963740458015268
fteqw,schloss,4,False,1443,0.7,1991.8,0.5020584396023697
ezquake,schloss,4,False,1442,0.5,2885.9,0.3465123531653903
vkquake,schloss,5,False,1442,0.6,2339.3,0.4274783054759971
qss,schloss,5,False,1442,0.7,2114.8,0.47285795347077736
qssm,schloss,5,False,1442,0.9,1670.9,0.5984798611526722
fteqw,schloss,5,False,1443,0.6,2232.4,0.44794839634474104
ezquake,schloss,5,False,1442,0.5,2758.6,0.3625027187703908
ironwail,schloss,5,False,1442,0.5,3013.0,0.3318951211417192
qssm,e1m2,0,True,1442,0.8,1777.7,0.5625246104517072
fteqw,e1m2,0,True,1443,0.7,2121.8,0.4712979545668771
ezquake,e1m2,0,True,1442,0.5,2847.6,0.35117291754459895
ironwail,e1m2,0,True,1442,0.5,3081.2,0.32454887706088537
vkquake,e1m2,0,True,1442,0.6,2486.8,0.402123210551713
qss,e1m2,0,True,1442,0.7,2200.0,0.45454545454545453
fteqw,e1m2,1,False,1443,0.6,2488.8,0.40180006428801024
ezquake,e1m2,1,False,1442,0.5,2858.1,0.349882789265596
ironwail,e1m2,1,False,1442,0.5,2936.1,0.34058785463710367
vkquake,e1m2,1,False,1442,0.7,2118.4,0.47205438066465255
qss,e1m2,1,False,1442,0.6,2220.2,0.45040987298441587
qssm,e1m2,1,False,1442,0.8,1763.4,0.5670863105364636
ezquake,e1m2,2,False,1442,0.5,2906.3,0.34408010184771015
ironwail,e1m2,2,False,1442,0.5,3075.7,0.3251292388724518
vkquake,e1m2,2,False,1442,0.6,2486.7,0.40213938150963124
qss,e1m2,2,False,1442,0.6,2253.2,0.4438132433871827
qssm,e1m2,2,False,1442,0.8,1766.6,0.5660590965696819
fteqw,e1m2,2,False,1443,0.6,2485.5,0.40233353450010056
ironwail,e1m2,3,False,1442,0.5,2988.9,0.3345712469470374
vkquake,e1m2,3,False,1442,0.6,2517.2,0.39726680438582557
qss,e1m2,3,False,1442,0.6,2225.9,0.44925648052473155
qssm,e1m2,3,False,1442,0.8,1749.8,0.5714938850154303
fteqw,e1m2,3,False,1443,0.6,2307.2,0.43342579750346744
ezquake,e1m2,3,False,1442,0.5,2633.0,0.379794910748196
vkquake,e1m2,4,False,1442,0.6,2485.4,0.40234972237869154
qss,e1m2,4,False,1442,0.7,2197.5,0.4550625711035267
qssm,e1m2,4,False,1442,0.8,1771.4,0.5645252342779722
fteqw,e1m2,4,False,1443,0.6,2471.4,0.40462895524803755
ezquake,e1m2,4,False,1442,0.5,2844.7,0.35153091714416285
ironwail,e1m2,4,False,1442,0.5,2980.3,0.33553669093715394
qss,e1m2,5,False,1442,0.6,2274.6,0.43963773850347315
qssm,e1m2,5,False,1442,0.8,1754.8,0.5698655117392295
fteqw,e1m2,5,False,1443,0.6,2514.4,0.39770919503658925
ezquake,e1m2,5,False,1442,0.5,2849.5,0.350938761186173
ironwail,e1m2,5,False,1442,0.5,3008.7,0.3323694618938412
vkquake,e1m2,5,False,1442,0.6,2554.9,0.39140475165368505
fteqw,dm2,0,True,1443,0.5,2636.5,0.37929072634174094
ezquake,dm2,0,True,1442,0.5,2696.4,0.37086485684616527
ironwail,dm2,0,True,1442,0.5,3039.0,0.3290556103981573
vkquake,dm2,0,True,1442,0.6,2560.8,0.39050296782255545
qss,dm2,0,True,1442,0.6,2393.4,0.4178156597309267
qssm,dm2,0,True,1442,0.8,1910.5,0.5234231876472127
ezquake,dm2,1,False,1442,0.5,2873.4,0.3480197675227953
ironwail,dm2,1,False,1442,0.5,3058.1,0.32700042510055266
vkquake,dm2,1,False,1442,0.6,2457.4,0.40693415805322697
qss,dm2,1,False,1442,0.6,2348.2,0.4258581040797207
qssm,dm2,1,False,1442,0.7,1936.6,0.5163688939378293
fteqw,dm2,1,False,1443,0.5,2635.0,0.3795066413662239
ironwail,dm2,2,False,1442,0.5,3039.4,0.32901230506020923
vkquake,dm2,2,False,1442,0.6,2539.6,0.39376279729091196
qss,dm2,2,False,1442,0.6,2437.5,0.41025641025641024
qssm,dm2,2,False,1442,0.7,1956.6,0.5110906674844118
fteqw,dm2,2,False,1443,0.5,2625.7,0.3808508207335187
ezquake,dm2,2,False,1442,0.5,2883.3,0.34682481878403215
vkquake,dm2,3,False,1442,0.6,2567.0,0.38955979742890534
qss,dm2,3,False,1442,0.6,2405.9,0.4156448730204913
qssm,dm2,3,False,1442,1.0,1477.3,0.6769105801123672
fteqw,dm2,3,False,1443,0.5,2678.7,0.3733154141934521
ezquake,dm2,3,False,1442,0.5,2887.0,0.3463803255975061
ironwail,dm2,3,False,1442,0.5,2991.9,0.33423576991209597
qss,dm2,4,False,1442,0.6,2462.0,0.4061738424045491
qssm,dm2,4,False,1442,0.7,1932.9,0.5173573387138496
fteqw,dm2,4,False,1443,0.5,2680.6,0.37305080952025665
ezquake,dm2,4,False,1442,0.5,2879.5,0.3472825143254037
ironwail,dm2,4,False,1442,0.5,2955.7,0.33832932976959773
vkquake,dm2,4,False,1442,0.6,2529.6,0.3953194180898166
qssm,dm2,5,False,1442,0.7,1991.4,0.5021592849251783
fteqw,dm2,5,False,1443,0.6,2620.9,0.38154832309512
ezquake,dm2,5,False,1442,0.5,2890.1,0.34600878862323103
ironwail,dm2,5,False,1442,0.5,3009.4,0.33229215125938727
vkquake,dm2,5,False,1442,0.6,2551.8,0.3918802413982287
qss,dm2,5,False,1442,0.6,2432.0,0.41118421052631576
ezquake,ctf2m8,0,True,1442,0.5,2923.5,0.34205575508807934
ironwail,ctf2m8,0,True,1442,0.5,3077.6,0.3249285157265402
vkquake,ctf2m8,0,True,1442,0.6,2527.9,0.3955852684046046
qss,ctf2m8,0,True,1442,0.6,2293.8,0.4359577992850292
qssm,ctf2m8,0,True,1442,0.8,1843.2,0.5425347222222222
fteqw,ctf2m8,0,True,1443,0.6,2490.4,0.40154192097654995
ironwail,ctf2m8,1,False,1442,0.5,3027.6,0.33029462280354077
vkquake,ctf2m8,1,False,1442,0.6,2371.0,0.42176296921130324
qss,ctf2m8,1,False,1442,0.7,2036.6,0.4910144358244133
qssm,ctf2m8,1,False,1442,0.8,1883.5,0.5309264666843642
fteqw,ctf2m8,1,False,1443,0.6,2402.0,0.4163197335553705
ezquake,ctf2m8,1,False,1442,0.5,2927.5,0.3415883859948762
vkquake,ctf2m8,2,False,1442,0.6,2509.2,0.3985333970986769
qss,ctf2m8,2,False,1442,0.6,2279.9,0.4386157287600333
qssm,ctf2m8,2,False,1442,0.8,1884.5,0.5306447333510215
fteqw,ctf2m8,2,False,1443,0.6,2499.1,0.40014405185866914
ezquake,ctf2m8,2,False,1442,0.6,2488.5,0.4018485031143259
ironwail,ctf2m8,2,False,1442,0.5,2823.1,0.35422053770677625
qss,ctf2m8,3,False,1442,0.6,2381.7,0.41986816139732125
qssm,ctf2m8,3,False,1442,0.8,1894.3,0.5278994879374967
fteqw,ctf2m8,3,False,1443,0.6,2554.5,0.39146604032100213
ezquake,ctf2m8,3,False,1442,0.5,2897.5,0.3451251078515962
ironwail,ctf2m8,3,False,1442,0.5,3036.1,0.3293699153519318
vkquake,ctf2m8,3,False,1442,0.6,2446.8,0.4086970737289521
qssm,ctf2m8,4,False,1442,0.8,1869.8,0.5348165579206332
fteqw,ctf2m8,4,False,1443,0.6,2501.1,0.3998240774059414
ezquake,ctf2m8,4,False,1442,0.5,2875.3,0.34778979584738984
ironwail,ctf2m8,4,False,1442,0.5,2951.6,0.3387992952974658
vkquake,ctf2m8,4,False,1442,0.6,2502.0,0.3996802557953637
qss,ctf2m8,4,False,1442,0.6,2300.3,0.4347259053166978
fteqw,ctf2m8,5,False,1443,0.6,2502.8,0.3995525011986575
ezquake,ctf2m8,5,False,1442,0.5,2882.2,0.3469571854833114
ironwail,ctf2m8,5,False,1442,0.5,2945.9,0.3394548355341322
vkquake,ctf2m8,5,False,1442,0.6,2534.6,0.39453957231910364
qss,ctf2m8,5,False,1442,0.6,2277.8,0.4390201071209061
qssm,ctf2m8,5,False,1442,0.8,1855.9,0.5388221348132981
