engine,run,startup_ms,launch_map_ms,initial_ms,change_ms,connect_ms,connect_remote_ms,quit_ms
QSS-M,1,587.906900,760.160500,227.240500,219.079300,576.736600,793.391800,151.621700
QSS-M,2,324.000200,621.915400,223.798900,205.112800,622.442700,822.941000,159.454400
QSS-M,3,326.442700,645.647200,229.789900,220.406400,576.081600,795.981300,155.591800
QSS-M,4,343.102000,627.602900,221.051600,205.135200,568.441400,872.676100,148.566900
QSS-M,5,322.034100,616.090100,225.145500,228.992600,591.262900,820.268500,146.185400
FTEQW,1,2045.823500,2322.494100,1088.375900,1018.629200,852.968100,1112.333000,779.966000
FTEQW,2,1150.096400,2249.948600,1105.486700,1004.973000,792.553800,1141.551800,791.336800
FTEQW,3,1166.662500,2230.774500,1105.978100,1010.844200,770.506800,1187.547400,777.409500
FTEQW,4,1133.634100,2275.079100,1096.341300,1000.850100,796.859700,1096.152600,766.134600
FTEQW,5,1221.000000,2250.242500,1106.261900,1008.682700,804.646400,1042.080600,775.478300
ezQuake,1,1240.298400,1819.842200,682.003100,429.275800,1619.361200,,201.440800
ezQuake,2,1087.997500,1790.947400,702.104600,429.833300,1620.831500,,197.292400
ezQuake,3,1101.126400,1853.238600,688.895800,427.640700,1566.994000,,197.074400
ezQuake,4,1095.948000,1804.756100,693.807000,428.026100,1544.791700,,205.285900
ezQuake,5,1102.260500,1856.455800,688.073300,434.114100,1563.459100,,199.028200
Ironwail,1,653.519600,626.450300,96.301800,125.832500,1997.341500,6933.351200,148.371700
Ironwail,2,527.427500,622.523900,102.403000,125.507400,1988.493300,6744.965700,152.785700
Ironwail,3,544.475000,624.279900,119.345800,133.128400,1966.893700,6926.393700,132.856900
Ironwail,4,556.648700,647.230300,102.794400,128.476100,1977.312400,6817.032800,135.124800
Ironwail,5,541.290200,631.290000,105.644300,127.996400,1988.337100,6749.181300,157.947200
vkQuake,1,1096.387100,1060.255300,148.706300,126.135700,1992.359600,11496.783800,179.371400
vkQuake,2,918.841200,1053.561900,151.749300,124.915600,2007.605400,11257.596000,181.815500
vkQuake,3,1227.805000,1063.305400,141.795800,122.907500,2007.162000,11465.306200,180.747400
vkQuake,4,928.032900,1060.026700,146.966100,127.372600,1994.119200,11281.394100,200.878000
vkQuake,5,922.133200,1074.587500,148.646000,132.743300,1997.096000,11401.334600,185.347100
QSS,1,693.527900,685.990800,166.409400,183.256700,2097.592000,11550.031600,129.152800
QSS,2,539.639400,729.569900,170.707800,252.807500,2099.872700,11488.068600,143.848700
QSS,3,542.846400,710.406400,159.689600,221.227000,2086.035100,11293.860300,136.229900
QSS,4,591.147800,692.437700,161.079900,238.510900,2077.074200,11406.603000,145.435400
QSS,5,560.987900,695.232900,169.089500,184.850600,2122.775900,11368.794100,138.650600
