engine,build,map,run,warmup,frames,seconds,fps
fteqw,current,aerowalk,0,True,1446,0.5,3034.5
ezquake,current,aerowalk,0,True,1445,0.4,3385.1
ironwail,current,aerowalk,0,True,1445,24.2,59.7
vkquake,current,aerowalk,0,True,1445,0.6,2507.5
qss,current,aerowalk,0,True,1445,0.6,2410.5
fteqw,current,aerowalk,1,False,1446,0.5,2886.8
ezquake,current,aerowalk,1,False,1445,0.4,3344.6
ironwail,current,aerowalk,1,False,1445,0.5,3045.4
vkquake,current,aerowalk,1,False,1445,0.6,2380.5
qss,current,aerowalk,1,False,1445,0.6,2391.5
ezquake,current,aerowalk,2,False,1445,0.4,3301.0
ironwail,current,aerowalk,2,False,1445,0.5,3010.6
vkquake,current,aerowalk,2,False,1445,0.6,2549.4
qss,current,aerowalk,2,False,1445,0.6,2414.6
fteqw,current,aerowalk,2,False,1446,0.5,3015.6
ironwail,current,aerowalk,3,False,1445,0.5,3082.9
vkquake,current,aerowalk,3,False,1445,0.6,2566.5
qss,current,aerowalk,3,False,1445,0.6,2436.8
fteqw,current,aerowalk,3,False,1446,0.5,2950.1
ezquake,current,aerowalk,3,False,1445,0.4,3275.3
vkquake,current,aerowalk,4,False,1445,0.6,2608.4
qss,current,aerowalk,4,False,1445,0.6,2421.9
fteqw,current,aerowalk,4,False,1446,0.5,3022.5
ezquake,current,aerowalk,4,False,1445,0.4,3418.4
ironwail,current,aerowalk,4,False,1445,0.5,3087.2
qss,current,aerowalk,5,False,1445,0.6,2383.5
fteqw,current,aerowalk,5,False,1446,0.5,2990.9
ezquake,current,aerowalk,5,False,1445,0.4,3415.0
ironwail,current,aerowalk,5,False,1445,0.5,3029.9
vkquake,current,aerowalk,5,False,1445,0.7,2194.4
fteqw,current,ztndm3,0,True,1443,0.5,3143.0
ezquake,current,ztndm3,0,True,1442,0.4,3294.3
ironwail,current,ztndm3,0,True,1442,0.5,3109.6
vkquake,current,ztndm3,0,True,1442,0.6,2576.5
qss,current,ztndm3,0,True,1442,0.6,2405.2
ezquake,current,ztndm3,1,False,1442,0.4,3368.1
ironwail,current,ztndm3,1,False,1442,0.5,3034.5
vkquake,current,ztndm3,1,False,1442,0.6,2572.9
qss,current,ztndm3,1,False,1442,0.6,2442.3
fteqw,current,ztndm3,1,False,1443,0.5,3159.3
ironwail,current,ztndm3,2,False,1442,0.5,3086.3
vkquake,current,ztndm3,2,False,1442,0.6,2589.2
qss,current,ztndm3,2,False,1442,0.6,2457.6
fteqw,current,ztndm3,2,False,1443,0.5,3112.9
ezquake,current,ztndm3,2,False,1442,0.4,3384.7
vkquake,current,ztndm3,3,False,1442,0.6,2546.0
qss,current,ztndm3,3,False,1442,0.6,2441.5
fteqw,current,ztndm3,3,False,1443,0.4,3228.1
ezquake,current,ztndm3,3,False,1442,0.4,3390.1
ironwail,current,ztndm3,3,False,1442,0.5,2962.6
qss,current,ztndm3,4,False,1442,0.6,2449.3
fteqw,current,ztndm3,4,False,1443,0.4,3220.0
ezquake,current,ztndm3,4,False,1442,0.4,3381.7
ironwail,current,ztndm3,4,False,1442,0.5,3113.5
vkquake,current,ztndm3,4,False,1442,0.6,2530.7
fteqw,current,ztndm3,5,False,1443,0.4,3210.9
ezquake,current,ztndm3,5,False,1442,0.4,3354.8
ironwail,current,ztndm3,5,False,1442,0.5,3064.7
vkquake,current,ztndm3,5,False,1442,0.6,2534.0
qss,current,ztndm3,5,False,1442,0.6,2440.5
ezquake,current,dm3,0,True,1442,0.4,3376.6
ironwail,current,dm3,0,True,1442,0.5,3137.2
vkquake,current,dm3,0,True,1442,0.7,2206.8
qss,current,dm3,0,True,1442,0.6,2227.7
fteqw,current,dm3,0,True,1443,0.4,3250.9
ironwail,current,dm3,1,False,1442,0.5,3092.0
vkquake,current,dm3,1,False,1442,0.5,2681.2
qss,current,dm3,1,False,1442,0.6,2251.1
fteqw,current,dm3,1,False,1443,0.4,3389.7
ezquake,current,dm3,1,False,1442,0.4,3401.0
vkquake,current,dm3,2,False,1442,0.7,2171.2
qss,current,dm3,2,False,1442,0.6,2248.8
fteqw,current,dm3,2,False,1443,0.4,3285.6
ezquake,current,dm3,2,False,1442,0.4,3339.5
ironwail,current,dm3,2,False,1442,0.5,3126.4
qss,current,dm3,3,False,1442,0.6,2251.9
fteqw,current,dm3,3,False,1443,0.4,3327.1
ezquake,current,dm3,3,False,1442,0.4,3323.6
ironwail,current,dm3,3,False,1442,0.5,3116.1
vkquake,current,dm3,3,False,1442,0.5,2660.7
fteqw,current,dm3,4,False,1443,0.4,3267.0
ezquake,current,dm3,4,False,1442,0.4,3371.6
ironwail,current,dm3,4,False,1442,0.5,2836.4
vkquake,current,dm3,4,False,1442,0.5,2660.4
qss,current,dm3,4,False,1442,0.7,2190.0
fteqw,current,dm3,5,False,1443,0.4,3264.2
ezquake,current,dm3,5,False,1442,0.4,3351.3
ironwail,current,dm3,5,False,1442,0.5,3147.5
vkquake,current,dm3,5,False,1442,0.5,2644.2
qss,current,dm3,5,False,1442,0.6,2252.8
ironwail,current,bravado,0,True,1442,0.5,3142.8
vkquake,current,bravado,0,True,1442,0.7,2141.8
qss,current,bravado,0,True,1442,0.6,2238.9
fteqw,current,bravado,0,True,1443,0.5,2798.3
ezquake,current,bravado,0,True,1442,0.4,3401.6
vkquake,current,bravado,1,False,1442,0.6,2574.4
qss,current,bravado,1,False,1442,0.6,2226.5
fteqw,current,bravado,1,False,1443,0.5,2707.9
ezquake,current,bravado,1,False,1442,0.4,3411.0
ironwail,current,bravado,1,False,1442,0.5,3081.5
qss,current,bravado,2,False,1442,0.6,2232.0
fteqw,current,bravado,2,False,1443,0.5,2798.3
ezquake,current,bravado,2,False,1442,0.4,3368.2
ironwail,current,bravado,2,False,1442,0.5,3130.3
vkquake,current,bravado,2,False,1442,0.6,2577.9
fteqw,current,bravado,3,False,1443,0.5,2752.3
ezquake,current,bravado,3,False,1442,0.4,3371.8
ironwail,current,bravado,3,False,1442,0.5,3096.7
vkquake,current,bravado,3,False,1442,0.6,2576.0
qss,current,bravado,3,False,1442,0.6,2266.5
fteqw,current,bravado,4,False,1443,0.5,2796.0
ezquake,current,bravado,4,False,1442,0.4,3395.0
ironwail,current,bravado,4,False,1442,0.5,3114.1
vkquake,current,bravado,4,False,1442,0.6,2567.6
qss,current,bravado,4,False,1442,0.6,2236.3
ezquake,current,bravado,5,False,1442,0.4,3351.1
ironwail,current,bravado,5,False,1442,0.5,3112.2
vkquake,current,bravado,5,False,1442,0.6,2544.9
qss,current,bravado,5,False,1442,0.6,2261.2
fteqw,current,bravado,5,False,1443,0.5,2820.5
vkquake,current,ctf3m2,0,True,1442,0.6,2588.0
qss,current,ctf3m2,0,True,1442,0.7,2159.6
fteqw,current,ctf3m2,0,True,1443,0.5,2955.9
ezquake,current,ctf3m2,0,True,1442,0.4,3414.4
ironwail,current,ctf3m2,0,True,1442,0.5,3125.2
qss,current,ctf3m2,1,False,1442,0.7,2175.9
fteqw,current,ctf3m2,1,False,1443,0.5,2922.0
ezquake,current,ctf3m2,1,False,1442,0.4,3422.3
ironwail,current,ctf3m2,1,False,1442,0.5,3070.1
vkquake,current,ctf3m2,1,False,1442,0.6,2527.0
fteqw,current,ctf3m2,2,False,1443,0.5,2925.5
ezquake,current,ctf3m2,2,False,1442,0.4,3422.8
ironwail,current,ctf3m2,2,False,1442,0.5,3141.3
vkquake,current,ctf3m2,2,False,1442,0.6,2614.3
qss,current,ctf3m2,2,False,1442,0.7,2191.3
fteqw,current,ctf3m2,3,False,1443,0.5,2938.5
ezquake,current,ctf3m2,3,False,1442,0.4,3379.1
ironwail,current,ctf3m2,3,False,1442,0.5,3112.3
vkquake,current,ctf3m2,3,False,1442,0.6,2517.2
qss,current,ctf3m2,3,False,1442,0.7,2171.4
ezquake,current,ctf3m2,4,False,1442,0.4,3455.7
ironwail,current,ctf3m2,4,False,1442,0.5,3127.4
vkquake,current,ctf3m2,4,False,1442,0.6,2587.2
qss,current,ctf3m2,4,False,1442,0.7,2178.2
fteqw,current,ctf3m2,4,False,1443,0.5,2765.5
ironwail,current,ctf3m2,5,False,1442,0.5,2991.9
vkquake,current,ctf3m2,5,False,1442,0.6,2566.5
qss,current,ctf3m2,5,False,1442,0.7,2121.9
fteqw,current,ctf3m2,5,False,1443,0.5,2945.2
ezquake,current,ctf3m2,5,False,1442,0.4,3364.0
qss,current,schloss,0,True,1442,0.7,2032.2
fteqw,current,schloss,0,True,1443,0.5,2682.2
ezquake,current,schloss,0,True,1442,0.4,3256.1
ironwail,current,schloss,0,True,1442,0.5,3107.9
vkquake,current,schloss,0,True,1442,0.6,2477.0
fteqw,current,schloss,1,False,1443,0.5,2698.4
ezquake,current,schloss,1,False,1442,0.4,3341.1
ironwail,current,schloss,1,False,1442,0.5,3136.0
vkquake,current,schloss,1,False,1442,0.6,2469.1
qss,current,schloss,1,False,1442,0.7,2039.0
fteqw,current,schloss,2,False,1443,0.5,2702.1
ezquake,current,schloss,2,False,1442,0.4,3363.5
ironwail,current,schloss,2,False,1442,0.5,3121.5
vkquake,current,schloss,2,False,1442,0.6,2494.4
qss,current,schloss,2,False,1442,0.7,2041.8
ezquake,current,schloss,3,False,1442,0.4,3365.9
ironwail,current,schloss,3,False,1442,0.5,3053.3
vkquake,current,schloss,3,False,1442,0.6,2489.4
qss,current,schloss,3,False,1442,0.7,2059.3
fteqw,current,schloss,3,False,1443,0.5,2713.7
ironwail,current,schloss,4,False,1442,0.5,3109.2
vkquake,current,schloss,4,False,1442,0.6,2497.7
qss,current,schloss,4,False,1442,0.7,2039.3
fteqw,current,schloss,4,False,1443,0.5,2706.8
ezquake,current,schloss,4,False,1442,0.4,3355.0
vkquake,current,schloss,5,False,1442,0.6,2472.7
qss,current,schloss,5,False,1442,0.7,2053.9
fteqw,current,schloss,5,False,1443,0.5,2647.0
ezquake,current,schloss,5,False,1442,0.4,3404.1
ironwail,current,schloss,5,False,1442,0.5,3141.7
fteqw,current,e1m2,0,True,1443,0.5,3132.0
ezquake,current,e1m2,0,True,1442,0.4,3402.4
ironwail,current,e1m2,0,True,1442,0.5,3153.4
vkquake,current,e1m2,0,True,1442,0.6,2406.0
qss,current,e1m2,0,True,1442,0.7,2198.2
fteqw,current,e1m2,1,False,1443,0.5,3127.4
ezquake,current,e1m2,1,False,1442,0.4,3393.0
ironwail,current,e1m2,1,False,1442,0.5,3100.0
vkquake,current,e1m2,1,False,1442,0.5,2628.5
qss,current,e1m2,1,False,1442,0.7,2217.2
ezquake,current,e1m2,2,False,1442,0.4,3386.2
ironwail,current,e1m2,2,False,1442,0.5,3180.9
vkquake,current,e1m2,2,False,1442,0.5,2642.7
qss,current,e1m2,2,False,1442,0.7,2155.3
fteqw,current,e1m2,2,False,1443,0.5,3136.8
ironwail,current,e1m2,3,False,1442,0.5,3138.4
vkquake,current,e1m2,3,False,1442,0.6,2606.2
qss,current,e1m2,3,False,1442,0.7,2197.9
fteqw,current,e1m2,3,False,1443,0.5,3120.2
ezquake,current,e1m2,3,False,1442,0.4,3375.5
vkquake,current,e1m2,4,False,1442,0.6,2562.1
qss,current,e1m2,4,False,1442,0.7,2211.3
fteqw,current,e1m2,4,False,1443,0.5,3125.5
ezquake,current,e1m2,4,False,1442,0.4,3382.4
ironwail,current,e1m2,4,False,1442,0.5,3182.7
qss,current,e1m2,5,False,1442,0.6,2218.8
fteqw,current,e1m2,5,False,1443,0.5,3116.3
ezquake,current,e1m2,5,False,1442,0.4,3210.7
ironwail,current,e1m2,5,False,1442,0.5,3144.4
vkquake,current,e1m2,5,False,1442,0.6,2564.4
fteqw,current,dm2,0,True,1443,0.4,3424.5
ezquake,current,dm2,0,True,1442,0.4,3344.5
ironwail,current,dm2,0,True,1442,0.5,3148.8
vkquake,current,dm2,0,True,1442,0.5,2639.9
qss,current,dm2,0,True,1442,0.6,2365.8
ezquake,current,dm2,1,False,1442,0.4,3359.0
ironwail,current,dm2,1,False,1442,0.5,3152.7
vkquake,current,dm2,1,False,1442,0.5,2675.0
qss,current,dm2,1,False,1442,0.6,2462.4
fteqw,current,dm2,1,False,1443,0.4,3326.4
ironwail,current,dm2,2,False,1442,0.5,3137.3
vkquake,current,dm2,2,False,1442,0.6,2506.2
qss,current,dm2,2,False,1442,0.6,2448.9
fteqw,current,dm2,2,False,1443,0.4,3403.3
ezquake,current,dm2,2,False,1442,0.4,3407.3
vkquake,current,dm2,3,False,1442,0.6,2592.4
qss,current,dm2,3,False,1442,0.6,2466.4
fteqw,current,dm2,3,False,1443,0.4,3399.8
ezquake,current,dm2,3,False,1442,0.4,3420.2
ironwail,current,dm2,3,False,1442,0.5,3152.2
qss,current,dm2,4,False,1442,0.6,2463.0
fteqw,current,dm2,4,False,1443,0.4,3346.0
ezquake,current,dm2,4,False,1442,0.4,3357.5
ironwail,current,dm2,4,False,1442,0.5,3083.5
vkquake,current,dm2,4,False,1442,0.5,2670.6
fteqw,current,dm2,5,False,1443,0.4,3340.7
ezquake,current,dm2,5,False,1442,0.4,3428.7
ironwail,current,dm2,5,False,1442,0.5,3028.4
vkquake,current,dm2,5,False,1442,0.6,2464.6
qss,current,dm2,5,False,1442,0.6,2458.7
ezquake,current,ctf2m8,0,True,1442,0.4,3353.9
ironwail,current,ctf2m8,0,True,1442,0.5,3155.5
vkquake,current,ctf2m8,0,True,1442,0.6,2612.4
qss,current,ctf2m8,0,True,1442,0.6,2307.2
fteqw,current,ctf2m8,0,True,1443,0.5,3160.0
ironwail,current,ctf2m8,1,False,1442,0.5,3193.1
vkquake,current,ctf2m8,1,False,1442,0.5,2641.0
qss,current,ctf2m8,1,False,1442,0.6,2320.1
fteqw,current,ctf2m8,1,False,1443,0.5,3070.6
ezquake,current,ctf2m8,1,False,1442,0.4,3343.7
vkquake,current,ctf2m8,2,False,1442,0.6,2606.9
qss,current,ctf2m8,2,False,1442,0.6,2320.2
fteqw,current,ctf2m8,2,False,1443,0.5,3138.4
ezquake,current,ctf2m8,2,False,1442,0.4,3422.9
ironwail,current,ctf2m8,2,False,1442,0.5,3160.7
qss,current,ctf2m8,3,False,1442,0.6,2315.6
fteqw,current,ctf2m8,3,False,1443,0.5,3146.0
ezquake,current,ctf2m8,3,False,1442,0.4,3395.4
ironwail,current,ctf2m8,3,False,1442,0.5,3087.5
vkquake,current,ctf2m8,3,False,1442,0.5,2662.6
fteqw,current,ctf2m8,4,False,1443,0.5,3165.2
ezquake,current,ctf2m8,4,False,1442,0.4,3413.8
ironwail,current,ctf2m8,4,False,1442,0.5,3167.8
vkquake,current,ctf2m8,4,False,1442,0.5,2622.9
qss,current,ctf2m8,4,False,1442,0.6,2241.1
fteqw,current,ctf2m8,5,False,1443,0.5,3102.6
ezquake,current,ctf2m8,5,False,1442,0.4,3458.2
ironwail,current,ctf2m8,5,False,1442,0.5,3149.2
vkquake,current,ctf2m8,5,False,1442,0.5,2648.0
qss,current,ctf2m8,5,False,1442,0.6,2305.3
qssm,current,aerowalk,0,True,1445,0.6,2316.0
qssm,current,aerowalk,1,False,1445,0.6,2537.2
qssm,current,aerowalk,2,False,1445,0.6,2620.3
qssm,current,aerowalk,3,False,1445,0.5,2647.0
qssm,current,aerowalk,4,False,1445,0.6,2556.1
qssm,current,aerowalk,5,False,1445,0.5,2647.4
qssm,current,ztndm3,0,True,1442,0.6,2610.3
qssm,current,ztndm3,1,False,1442,0.5,2705.6
qssm,current,ztndm3,2,False,1442,0.5,2667.9
qssm,current,ztndm3,3,False,1442,0.5,2745.4
qssm,current,ztndm3,4,False,1442,0.7,2095.0
qssm,current,ztndm3,5,False,1442,0.6,2416.7
qssm,current,dm3,0,True,1442,0.5,2658.6
qssm,current,dm3,1,False,1442,0.6,2493.6
qssm,current,dm3,2,False,1442,0.5,2775.0
qssm,current,dm3,3,False,1442,0.5,2709.6
qssm,current,dm3,4,False,1442,0.5,2776.2
qssm,current,dm3,5,False,1442,0.5,2669.7
qssm,current,bravado,0,True,1442,0.6,2486.2
qssm,current,bravado,1,False,1442,0.6,2454.3
qssm,current,bravado,2,False,1442,0.6,2495.7
qssm,current,bravado,3,False,1442,0.6,2532.5
qssm,current,bravado,4,False,1442,0.6,2463.2
qssm,current,bravado,5,False,1442,0.6,2522.5
qssm,current,ctf3m2,0,True,1442,0.6,2467.2
qssm,current,ctf3m2,1,False,1442,0.6,2571.1
qssm,current,ctf3m2,2,False,1442,0.6,2510.4
qssm,current,ctf3m2,3,False,1442,0.6,2571.2
qssm,current,ctf3m2,4,False,1442,0.6,2527.0
qssm,current,ctf3m2,5,False,1442,0.6,2480.1
qssm,current,schloss,0,True,1442,0.6,2487.7
qssm,current,schloss,1,False,1442,0.6,2508.5
qssm,current,schloss,2,False,1442,0.6,2464.7
qssm,current,schloss,3,False,1442,0.6,2463.3
qssm,current,schloss,4,False,1442,0.6,2454.3
qssm,current,schloss,5,False,1442,0.6,2491.5
qssm,current,e1m2,0,True,1442,0.5,2695.2
qssm,current,e1m2,1,False,1442,0.5,2694.6
qssm,current,e1m2,2,False,1442,0.5,2659.6
qssm,current,e1m2,3,False,1442,0.5,2733.4
qssm,current,e1m2,4,False,1442,0.5,2694.2
qssm,current,e1m2,5,False,1442,0.5,2762.0
qssm,current,dm2,0,True,1442,0.5,2792.6
qssm,current,dm2,1,False,1442,0.5,2797.5
qssm,current,dm2,2,False,1442,0.5,2823.9
qssm,current,dm2,3,False,1442,0.5,2757.9
qssm,current,dm2,4,False,1442,0.5,2840.0
qssm,current,dm2,5,False,1442,0.5,2727.9
qssm,current,ctf2m8,0,True,1442,0.5,2756.5
qssm,current,ctf2m8,1,False,1442,0.5,2711.8
qssm,current,ctf2m8,2,False,1442,0.5,2720.4
qssm,current,ctf2m8,3,False,1442,0.5,2656.5
qssm,current,ctf2m8,4,False,1442,0.5,2759.1
qssm,current,ctf2m8,5,False,1442,0.5,2725.0
qssm,qssm-installed,aerowalk,0,True,1445,0.9,1668.3
qssm,qssm-installed,aerowalk,1,False,1445,0.8,1769.1
qssm,qssm-installed,aerowalk,2,False,1445,0.8,1807.6
qssm,qssm-installed,aerowalk,3,False,1445,0.8,1748.1
qssm,qssm-installed,aerowalk,4,False,1445,0.8,1825.0
qssm,qssm-installed,aerowalk,5,False,1445,0.8,1806.8
qssm,qssm-installed,ztndm3,0,True,1442,0.8,1820.4
qssm,qssm-installed,ztndm3,1,False,1442,0.8,1828.8
qssm,qssm-installed,ztndm3,2,False,1442,0.8,1862.9
qssm,qssm-installed,ztndm3,3,False,1442,0.8,1828.8
qssm,qssm-installed,ztndm3,4,False,1442,0.8,1834.6
qssm,qssm-installed,ztndm3,5,False,1442,0.8,1831.7
qssm,qssm-installed,dm3,0,True,1442,0.8,1713.0
qssm,qssm-installed,dm3,1,False,1442,0.8,1714.1
qssm,qssm-installed,dm3,2,False,1442,0.8,1729.4
qssm,qssm-installed,dm3,3,False,1442,0.8,1700.6
qssm,qssm-installed,dm3,4,False,1442,0.8,1720.9
qssm,qssm-installed,dm3,5,False,1442,0.8,1714.5
qssm,qssm-installed,bravado,0,True,1442,0.8,1710.7
qssm,qssm-installed,bravado,1,False,1442,0.8,1713.0
qssm,qssm-installed,bravado,2,False,1442,0.9,1655.1
qssm,qssm-installed,bravado,3,False,1442,0.8,1725.3
qssm,qssm-installed,bravado,4,False,1442,0.8,1704.1
qssm,qssm-installed,bravado,5,False,1442,0.8,1739.3
qssm,qssm-installed,ctf3m2,0,True,1442,0.9,1657.2
qssm,qssm-installed,ctf3m2,1,False,1442,0.9,1695.4
qssm,qssm-installed,ctf3m2,2,False,1442,0.9,1671.7
qssm,qssm-installed,ctf3m2,3,False,1442,0.9,1690.9
qssm,qssm-installed,ctf3m2,4,False,1442,0.9,1666.0
qssm,qssm-installed,ctf3m2,5,False,1442,0.9,1691.4
qssm,qssm-installed,schloss,0,True,1442,1.0,1503.8
qssm,qssm-installed,schloss,1,False,1442,0.9,1534.5
qssm,qssm-installed,schloss,2,False,1442,0.9,1570.2
qssm,qssm-installed,schloss,3,False,1442,0.9,1543.1
qssm,qssm-installed,schloss,4,False,1442,0.9,1519.0
qssm,qssm-installed,schloss,5,False,1442,0.9,1570.7
qssm,qssm-installed,e1m2,0,True,1442,0.9,1672.7
qssm,qssm-installed,e1m2,1,False,1442,0.9,1695.2
qssm,qssm-installed,e1m2,2,False,1442,0.9,1688.3
qssm,qssm-installed,e1m2,3,False,1442,0.8,1704.5
qssm,qssm-installed,e1m2,4,False,1442,0.9,1675.2
qssm,qssm-installed,e1m2,5,False,1442,0.9,1591.5
qssm,qssm-installed,dm2,0,True,1442,0.8,1857.6
qssm,qssm-installed,dm2,1,False,1442,0.8,1865.7
qssm,qssm-installed,dm2,2,False,1442,0.8,1808.4
qssm,qssm-installed,dm2,3,False,1442,0.8,1849.6
qssm,qssm-installed,dm2,4,False,1442,0.8,1891.6
qssm,qssm-installed,dm2,5,False,1442,0.8,1842.8
qssm,qssm-installed,ctf2m8,0,True,1442,0.8,1796.8
qssm,qssm-installed,ctf2m8,1,False,1442,0.8,1772.8
qssm,qssm-installed,ctf2m8,2,False,1442,0.8,1759.1
qssm,qssm-installed,ctf2m8,3,False,1442,0.8,1784.4
qssm,qssm-installed,ctf2m8,4,False,1442,0.8,1824.2
qssm,qssm-installed,ctf2m8,5,False,1442,0.8,1776.7
