engine,build,mode,run,metric,ms
fteqw,current,lifecycle,1,startup,2285.741
fteqw,current,lifecycle,1,initial,1203.952
fteqw,current,lifecycle,1,change,1040.585
fteqw,current,lifecycle,1,quit,815.915
fteqw,current,launch_map,1,launch_map,2356.385
fteqw,current,connect,1,connect,706.726
ezquake,current,lifecycle,1,startup,1663.911
ezquake,current,lifecycle,1,initial,843.931
ezquake,current,lifecycle,1,change,474.312
ezquake,current,lifecycle,1,quit,229.439
ezquake,current,launch_map,1,launch_map,1936.477
ezquake,current,connect,1,connect,1608.38
ironwail,current,lifecycle,1,startup,690.696
ironwail,current,lifecycle,1,initial,112.141
ironwail,current,lifecycle,1,change,110.742
ironwail,current,lifecycle,1,quit,159.453
ironwail,current,launch_map,1,launch_map,669.956
ironwail,current,connect,1,connect,1979.41
vkquake,current,lifecycle,1,startup,1074.805
vkquake,current,lifecycle,1,initial,146.531
vkquake,current,lifecycle,1,change,129.361
vkquake,current,lifecycle,1,quit,189.711
vkquake,current,launch_map,1,launch_map,1067.048
vkquake,current,connect,1,connect,1971.037
qss,current,lifecycle,1,startup,926.555
qss,current,lifecycle,1,initial,187.905
qss,current,lifecycle,1,change,272.003
qss,current,lifecycle,1,quit,142.246
qss,current,launch_map,1,launch_map,769.694
qss,current,connect,1,connect,2150.148
fteqw,current,lifecycle,2,startup,1196.147
fteqw,current,lifecycle,2,initial,1124.2
fteqw,current,lifecycle,2,change,1054.708
fteqw,current,lifecycle,2,quit,829.387
fteqw,current,launch_map,2,launch_map,2312.594
fteqw,current,connect,2,connect,757.286
ezquake,current,lifecycle,2,startup,1181.678
ezquake,current,lifecycle,2,initial,712.829
ezquake,current,lifecycle,2,change,458.927
ezquake,current,lifecycle,2,quit,202.569
ezquake,current,launch_map,2,launch_map,1920.3
ezquake,current,connect,2,connect,1606.468
ironwail,current,lifecycle,2,startup,573.72
ironwail,current,lifecycle,2,initial,108.937
ironwail,current,lifecycle,2,change,140.975
ironwail,current,lifecycle,2,quit,132.573
ironwail,current,launch_map,2,launch_map,686.753
ironwail,current,connect,2,connect,1981.74
vkquake,current,lifecycle,2,startup,977.729
vkquake,current,lifecycle,2,initial,148.963
vkquake,current,lifecycle,2,change,130.536
vkquake,current,lifecycle,2,quit,177.814
vkquake,current,launch_map,2,launch_map,1092.933
vkquake,current,connect,2,connect,2010.594
qss,current,lifecycle,2,startup,574.114
qss,current,lifecycle,2,initial,191.922
qss,current,lifecycle,2,change,205.953
qss,current,lifecycle,2,quit,134.957
qss,current,launch_map,2,launch_map,777.386
qss,current,connect,2,connect,2116.379
ezquake,current,lifecycle,3,startup,1191.978
ezquake,current,lifecycle,3,initial,742.846
ezquake,current,lifecycle,3,change,472.071
ezquake,current,lifecycle,3,quit,197.506
ezquake,current,launch_map,3,launch_map,1902.654
ezquake,current,connect,3,connect,1551.623
ironwail,current,lifecycle,3,startup,554.847
ironwail,current,lifecycle,3,initial,109.591
ironwail,current,lifecycle,3,change,112.221
ironwail,current,lifecycle,3,quit,158.666
ironwail,current,launch_map,3,launch_map,680.283
ironwail,current,connect,3,connect,2008.455
vkquake,current,lifecycle,3,startup,968.802
vkquake,current,lifecycle,3,initial,146.113
vkquake,current,lifecycle,3,change,127.914
vkquake,current,lifecycle,3,quit,177.265
vkquake,current,launch_map,3,launch_map,1078.185
vkquake,current,connect,3,connect,1970.768
qss,current,lifecycle,3,startup,586.319
qss,current,lifecycle,3,initial,190.418
qss,current,lifecycle,3,change,259.201
qss,current,lifecycle,3,quit,144.005
qss,current,launch_map,3,launch_map,805.963
qss,current,connect,3,connect,2105.959
fteqw,current,lifecycle,3,startup,1185.074
fteqw,current,lifecycle,3,initial,1133.91
fteqw,current,lifecycle,3,change,1047.844
fteqw,current,lifecycle,3,quit,810.7
fteqw,current,launch_map,3,launch_map,2361.19
fteqw,current,connect,3,connect,834.312
ironwail,current,lifecycle,4,startup,562.923
ironwail,current,lifecycle,4,initial,112.404
ironwail,current,lifecycle,4,change,137.917
ironwail,current,lifecycle,4,quit,132.938
ironwail,current,launch_map,4,launch_map,668.585
ironwail,current,connect,4,connect,2003.108
vkquake,current,lifecycle,4,startup,954.509
vkquake,current,lifecycle,4,initial,148.83
vkquake,current,lifecycle,4,change,124.293
vkquake,current,lifecycle,4,quit,177.163
vkquake,current,launch_map,4,launch_map,1086.364
vkquake,current,connect,4,connect,1991.76
qss,current,lifecycle,4,startup,577.214
qss,current,lifecycle,4,initial,192.23
qss,current,lifecycle,4,change,208.322
qss,current,lifecycle,4,quit,146.465
qss,current,launch_map,4,launch_map,759.1
qss,current,connect,4,connect,2128.382
fteqw,current,lifecycle,4,startup,1199.677
fteqw,current,lifecycle,4,initial,1121.832
fteqw,current,lifecycle,4,change,1044.432
fteqw,current,lifecycle,4,quit,814.187
fteqw,current,launch_map,4,launch_map,2302.145
fteqw,current,connect,4,connect,756.892
ezquake,current,lifecycle,4,startup,1206.954
ezquake,current,lifecycle,4,initial,724.887
ezquake,current,lifecycle,4,change,460.605
ezquake,current,lifecycle,4,quit,199.212
ezquake,current,launch_map,4,launch_map,1899.906
ezquake,current,connect,4,connect,1576.998
vkquake,current,lifecycle,5,startup,933.288
vkquake,current,lifecycle,5,initial,141.523
vkquake,current,lifecycle,5,change,130.79
vkquake,current,lifecycle,5,quit,180.015
vkquake,current,launch_map,5,launch_map,1082.554
vkquake,current,connect,5,connect,1986.816
qss,current,lifecycle,5,startup,577.397
qss,current,lifecycle,5,initial,192.994
qss,current,lifecycle,5,change,217.056
qss,current,lifecycle,5,quit,139.716
qss,current,launch_map,5,launch_map,767.18
qss,current,connect,5,connect,2143.186
fteqw,current,lifecycle,5,startup,1174.637
fteqw,current,lifecycle,5,initial,1130.509
fteqw,current,lifecycle,5,change,1039.411
fteqw,current,lifecycle,5,quit,807.654
fteqw,current,launch_map,5,launch_map,2268.133
fteqw,current,connect,5,connect,745.376
ezquake,current,lifecycle,5,startup,1195.523
ezquake,current,lifecycle,5,initial,721.133
ezquake,current,lifecycle,5,change,471.883
ezquake,current,lifecycle,5,quit,192.216
ezquake,current,launch_map,5,launch_map,1933.961
ezquake,current,connect,5,connect,1545.897
ironwail,current,lifecycle,5,startup,557.877
ironwail,current,lifecycle,5,initial,111.763
ironwail,current,lifecycle,5,change,134.735
ironwail,current,lifecycle,5,quit,149.138
ironwail,current,launch_map,5,launch_map,659.987
ironwail,current,connect,5,connect,1974.898
qssm,current,lifecycle,1,startup,398.427
qssm,current,lifecycle,1,initial,124.617
qssm,current,lifecycle,1,change,47.636
qssm,current,lifecycle,1,quit,130.094
qssm,current,launch_map,1,launch_map,458.795
qssm,current,connect,1,connect,506.08
qssm,current,lifecycle,2,startup,362.191
qssm,current,lifecycle,2,initial,102.482
qssm,current,lifecycle,2,change,45.605
qssm,current,lifecycle,2,quit,168.201
qssm,current,launch_map,2,launch_map,458.395
qssm,current,connect,2,connect,495.008
qssm,current,lifecycle,3,startup,379.848
qssm,current,lifecycle,3,initial,98.722
qssm,current,lifecycle,3,change,48.406
qssm,current,lifecycle,3,quit,144.188
qssm,current,launch_map,3,launch_map,477.156
qssm,current,connect,3,connect,541.306
qssm,current,lifecycle,4,startup,354.037
qssm,current,lifecycle,4,initial,98.721
qssm,current,lifecycle,4,change,47.43
qssm,current,lifecycle,4,quit,142.029
qssm,current,launch_map,4,launch_map,484.194
qssm,current,connect,4,connect,461.314
qssm,current,lifecycle,5,startup,381.01
qssm,current,lifecycle,5,initial,103.873
qssm,current,lifecycle,5,change,48.696
qssm,current,lifecycle,5,quit,142.415
qssm,current,launch_map,5,launch_map,475.545
qssm,current,connect,5,connect,477.401
qssm,qssm-installed,lifecycle,1,startup,632.025
qssm,qssm-installed,lifecycle,1,initial,595.251
qssm,qssm-installed,lifecycle,1,change,282.721
qssm,qssm-installed,lifecycle,1,quit,145.687
qssm,qssm-installed,launch_map,1,launch_map,681.62
qssm,qssm-installed,connect,1,connect,645.651
qssm,qssm-installed,lifecycle,2,startup,320.132
qssm,qssm-installed,lifecycle,2,initial,294.543
qssm,qssm-installed,lifecycle,2,change,269.484
qssm,qssm-installed,lifecycle,2,quit,126.784
qssm,qssm-installed,launch_map,2,launch_map,660.069
qssm,qssm-installed,connect,2,connect,629.432
qssm,qssm-installed,lifecycle,3,startup,319.396
qssm,qssm-installed,lifecycle,3,initial,323.888
qssm,qssm-installed,lifecycle,3,change,290.648
qssm,qssm-installed,lifecycle,3,quit,138.439
qssm,qssm-installed,launch_map,3,launch_map,747.194
qssm,qssm-installed,connect,3,connect,638.311
qssm,qssm-installed,lifecycle,4,startup,328.854
qssm,qssm-installed,lifecycle,4,initial,241.329
qssm,qssm-installed,lifecycle,4,change,279.065
qssm,qssm-installed,lifecycle,4,quit,151.313
qssm,qssm-installed,launch_map,4,launch_map,710.656
qssm,qssm-installed,connect,4,connect,638.582
qssm,qssm-installed,lifecycle,5,startup,349.891
qssm,qssm-installed,lifecycle,5,initial,275.316
qssm,qssm-installed,lifecycle,5,change,265.775
qssm,qssm-installed,lifecycle,5,quit,140.611
qssm,qssm-installed,launch_map,5,launch_map,706.239
qssm,qssm-installed,connect,5,connect,660.47
